Store_ID,Name,Address,City,State,Zip,Status,EXCEL_POINT_Y,EXCEL_POINT_X
1,3800 West,474 N. 3700 West,Salt Lake City,UT,84122,0,4979864.03112488,-12465523.2017739
2,6th Ave,402 6th Ave,Salt Lake City,UT,84103,1,4979382.73485388,-12454137.8574735
3,Holladay East,1680 E 4500 S,Holladay,UT,84117,0,4964408.25587764,-12450249.800394
4,West Lake,2040 S 2300 E,Salt Lake City,UT,84108,0,4972060.07725663,-12448311.7565571
5,Park City,4242 N Hwy 224,Park City,UT,84098,1,4967173.35895769,-12417038.9019184
6,South Ave,922 East 2100 South,Salt Lake City,UT,84106,0,4971916.50326815,-12452723.3729128
7,Foothill Dr,2354 Foothill Dr,Salt Lake City,UT,84109,0,4971200.34083741,-12446760.027866